,X,Y
0,1.2693264977031682,14.008731749391556
1,0.5784586259948771,12.736754535618543
2,0.21657440185644034,10.307605623781956
3,-0.41004941782254584,8.309479788911245
4,-0.5073514360486995,7.69415822115119
5,1.5207244837448783,12.017191601578924
6,0.14881194424625832,9.591783307066418
7,-0.17503237072782926,8.333420750077964
8,0.22991083576736981,8.608488353611426
9,0.7031819709029468,10.484376318691256
10,1.9827192143209222,13.6741487430068
11,-1.080585884458377,8.19462355145711
12,-2.7161835075628185,5.260371352260624
13,-0.47935249078053616,10.322096063680542
14,-1.3377862842704131,9.020624886292381
15,1.0352104191454468,14.457479664320328
16,-0.7250867461265924,9.335357105495069
17,1.1175009593833682,15.345986225195754
18,0.6287236330859086,15.576321417584793
19,1.3299067019221777,17.91518456115007
20,-0.06592434526250074,15.693583656234457
21,-0.9028786529858877,13.988086566938147
22,1.1516728042219502,16.322827087885617
23,-0.7837783841134764,13.32548986033258
24,0.21542114857904782,14.70999680079869
25,-0.45905675261134543,11.926058422559873
26,-1.1682360563189895,10.656540121004285
27,1.2828516543651145,15.49649620578153
28,1.1514746391302688,16.432890834092667
29,-1.0197984217248317,14.831598741722225
30,0.0017243015449179516,16.829213272263928
31,-0.7154375191986606,12.93432080853969
32,0.14319584083703582,13.359412851540629
33,0.6005112589061137,13.924210126133834
34,0.961866550874262,15.183404409823696
35,-0.8679157148604397,9.937695120025984
36,-0.13995345183772318,10.61148775413294
37,-0.56909537333212,9.02005304744943
38,-0.13554049465706697,10.576612107993881
39,1.4687279668843034,14.049743167981791
40,1.2990550029338426,14.004587326936553
41,0.21551384454201847,13.080041760347084
42,-3.065638872310539,8.754101500114457
43,-1.3077332482752682,10.70527680793867
44,-1.1884920234507028,11.039907824120725
45,0.5657249837461532,12.472825040330605
46,-0.7760639224440284,9.22878543569725
47,-0.7540291365445174,7.725736855639718
48,0.8413892919585496,10.829446310166208
49,0.3184297416199829,9.174507128524404
50,0.928262464366391,11.178676472319337
51,0.7716978331472527,12.45466833956898
52,-0.7319747882864709,7.611149420568214
53,-0.7872435132645142,6.970373845063454
54,-0.015247388016847423,9.286206779324846
55,1.5653095040091778,11.419475448773397
56,0.7283170094772399,9.686887026368728
57,-0.1584327930575589,8.30302644028813
58,0.009857955946773854,8.643902097865018
59,-1.2150510988283885,6.159033586939106
60,-1.1813456318422373,7.096509738646835
61,-1.2454623355842434,6.929228400854817
62,2.1510668151303696,13.139192755297927
63,0.27320487957816125,11.620785679747685
64,0.28324619679924556,12.117105296521377
65,-0.7982455352054745,8.019490549088218
66,1.238243097507278,11.738680899889028
67,0.22903253234283588,9.71856041349443
68,1.9491817051851748,13.629390828741373
69,-0.24548307824547205,11.480153728709467
70,0.26321114658501576,11.983741591809357
71,-0.22478669580339464,11.0696386816246
72,0.6279531825667288,12.104858834948814
73,-0.6406550588659365,10.52093026590047
74,1.4116939030629552,14.266577948048898
75,-0.24805885664389168,11.791538591219084
76,1.5339705282866722,13.93875523883942
77,-0.8028628282762563,9.9752692002974
78,-0.6877454762885852,10.449793107125245
79,-1.192983935633917,9.270847715650236
80,1.044888075539981,12.871627821598675
81,0.29513347860762074,13.0868210253316
82,-0.6239237911236514,10.756560460507945
83,-0.13362028223202016,11.82400953216524
84,0.7589277458562171,13.665024383362418
85,-0.8930558518462045,10.429348218607615
86,-0.7057033765160035,9.548071334728169
87,0.39097257562555243,10.824015291441677
88,-0.21240718032789319,11.09344834224709
89,1.1607114741558937,13.490232139736172
90,-0.8172222232046694,8.931442317581666
91,-1.0701876738644707,7.267989547531919
92,-0.2192835766671183,10.29191240906238
93,1.0826629585268361,13.091974981665837
94,-1.5919627921539687,7.705153021349989
95,0.14461649728947384,11.922002002532833
96,-0.9799273403807371,8.477631815615172
97,0.43601898420715324,12.059050412082609
98,0.17327982542508222,12.448102126506377
99,-1.756988386287455,9.133083796520818
100,-0.3313672545988712,12.112068437564881
101,1.1367317892984097,14.665279649950989
102,-0.7278073324157093,11.633413340173863
103,-0.9381406382432368,10.668665578563969
104,0.2821020182590738,13.801187969034753
105,-1.5575335598688875,9.094103158625437
106,-0.07354604020695031,11.831041957370884
107,0.2099374778842832,12.130720904232394
108,-1.7934476947214302,8.702655211191422
109,-0.5125986714829877,12.17472425616424
110,2.030368459931378,17.619254441436993
111,-0.7063503250931419,11.178220034953794
112,-1.087166872648224,12.22124397215102
113,-0.7368472529371212,12.73698770567648
114,0.47522005362950354,13.923857047119387
115,-0.05721887739229088,13.811369956321265
116,0.14478423645782879,12.517217736090032
117,0.4096106836165418,13.846667953261692
118,0.26568642988631985,12.203457476886557
119,0.090919080019466,11.921210955578353
120,0.07997125874624157,11.013581222456274
121,0.2713929118912133,12.377055641302363
122,1.0330894445202863,13.641283745828892
123,1.1125982382486514,13.526750832511809
124,-1.29273106832844,9.741273838546018
125,0.11805123249602582,12.843670794374951
126,-0.5952633538031297,11.158968280655603
127,-0.10694735513048693,9.086694813639228
128,-2.652055138760086,5.02782733008145
129,-0.08983740443707672,9.644421727214183
130,0.18800512897268548,10.41257203173855
131,-0.1894849344059948,9.63367044063188
132,-0.6928772428353684,8.868567382818243
133,-0.03294834259116731,10.604349106155164
134,0.8256988305357215,12.43411412385605
135,-2.6720647964420117,6.373495123213578
136,-0.6915569754520425,9.52169292427124
137,-0.3174897527864525,9.637792637315108
138,-0.03595488057665238,11.123476918123417
139,2.2170511112048477,15.851948442539554
140,-0.9657039034224618,8.775232543322247
141,0.46747838457939944,10.703788055604715
142,-0.26124135340949833,10.625691931606601
143,-0.5591148461471196,8.56502380857662
144,-1.0934876203903114,6.1073744697213375
145,1.4348272458650229,9.87274113374498
146,-0.08282816938270413,7.968443261563737
147,0.8655756601538979,10.709775440112967
148,0.8978475361886357,10.818166592796395
149,-1.0195861964354567,6.123363209055142
150,-0.2015340022733058,8.646461144957666
151,0.7807404043449465,9.616339875310057
152,-0.31687272840298664,9.235525118926567
153,1.47669298614781,13.519809614729859
154,-0.1244966351067715,9.63683205084158
155,0.12053194091731044,11.177966125155022
156,0.3862491928225886,11.092575209700724
157,-0.3889210227903171,10.860647297322727
158,-1.0415645233786108,9.369027111302803
159,-0.09839656656373971,11.174042751706729
160,0.6770076520460109,11.27080907896906
161,-0.8025761467270623,6.794986494271035
162,1.6999160362831753,11.298818335449386
163,-0.21561229703893076,6.730006003878402
164,-0.40873128508178497,7.067588365962768
165,-0.6983838450720841,6.833046651347763
166,1.025344793025054,10.4231137289033
167,-1.0192487235914902,5.580811347325494
168,0.7152369066955919,8.619616767499819
169,-0.8137042257643605,5.163013747947537
170,-0.4421859951542906,6.258523084905898
171,-1.6075680614431989,3.475801476090599
172,0.6049512130157405,8.0974178628155
173,0.35017331550140424,8.921401884003423
174,2.094347599658964,13.525357872428954
175,0.24080399832862553,10.803963090805563
176,-1.088790721394284,8.274892781786054
177,0.23525110822019174,11.123939615248338
178,0.21785743579948794,11.92920719937343
179,1.2440792031603891,13.068172849075856
180,-0.014579192094376305,8.653243365400048
181,-0.7066487880522014,8.225302963463022
182,-0.3493863831275421,7.5496114683136595
183,-1.4833296549481936,6.2453129071098825
184,-0.17073776868427282,10.012504876343666
185,0.7343137366999266,13.612616372452983
186,0.3969262460012826,14.273177585124046
187,1.3047341127506609,15.588296251613937
188,-1.6921104399679403,6.986134041133204
189,-0.9137159987774256,9.293737406757076
190,-1.0842530432824156,8.836880109334569
191,0.11379954698406342,10.43903588671899
192,0.2552388121492724,10.927952049568097
193,1.4447873185158426,14.814213692996875
194,2.457849210375597,16.40208842082554
195,-0.5907908066286542,10.085573607988819
196,-1.5346384485751252,7.9800638954378655
197,-0.3545986729112815,10.84675245377727
198,-0.1357249422306043,11.02480456216775
199,-1.6666257561061688,7.194855445442848
200,2.009262098763887,13.886210719174114
201,-0.6327639711611672,9.927706505784808
202,-0.6916279384925728,10.59294178983404
203,1.148592586290994,15.16825538139334
204,-0.27544229355528016,11.411190824543342
205,-0.09774497674401354,12.595110378138848
206,-1.4970175661509189,10.877902727709891
207,0.24084209907928722,14.364354644450108
208,0.8893060642248334,15.476050790722505
209,0.16072893825114887,11.991894924257313
210,-1.0467066008717425,10.169329342018973
211,-0.4977769019760301,11.460189160991366
212,-1.1977078702305475,10.449397171251533
213,2.613941086735644,19.148129617398197
214,0.547561192798808,14.47309083901487
215,-0.3542520972122323,13.00804258937453
216,2.3915339125672204,17.347862839555148
217,-0.2889363953019237,12.803614912522649
218,-0.478322860893707,11.297409998573464
219,-0.33871760678033247,13.09524044470206
220,-0.5095962394910271,12.609715199792486
221,-1.6919989376240154,11.34327661815006
222,0.9150555971806745,17.70682237534826
223,-3.354064175263338,9.356621685779128
224,0.1785675978581219,15.459508655157173
225,-0.5971317310284098,14.03701360712939
226,0.653368187038281,17.231304223741855
227,-0.49694118069102,14.996697515923941
228,1.0182500008905695,16.18363009616167
229,0.9278764515616207,16.852752308243712
230,-1.439947980149483,13.374072322890646
231,0.8333982633604589,15.9319617105274
232,-0.41927887961683036,13.636971949699447
233,-0.5452632435407764,13.05042878139557
234,-1.7691766270265996,10.341699190901974
235,-1.520248215418036,9.832664678405017
236,-1.523387412501763,10.009339467490985
237,1.1432188441794944,12.992640964983806
238,-0.43132293759700907,8.719365608351202
239,0.05188507917434811,9.813267281038435
240,0.06354545324810831,11.9013549915689
241,-0.8106925317041287,9.832062083680126
242,1.1876945390401252,14.619858881736157
243,0.3582084633573994,12.804545322151863
244,0.7722620112749822,14.335963809813814
245,2.14358889574562,18.053782701990457
246,0.26073967077820576,13.971464902343971
247,-0.7671951485545606,11.181847798484323
248,1.0095348173100214,12.270722414892974
249,-0.4562442168775995,9.465936459036309
250,-0.49729833067144463,9.32067263926638
251,1.9694818674197931,14.5041072550168
252,-0.10774381686678244,10.46036494615344
253,1.074404541173634,12.318128156739352
254,-0.5867774070334423,8.332268318978059
255,-0.27894959938237857,10.111371638003577
256,2.119968245287601,16.986048264185808
257,0.6147774278731588,13.095258341440156
258,-0.7161536487170852,12.045281872930639
259,1.685874069468889,15.613291780560543
260,-1.9013619432664375,6.352309713461786
261,0.021634966616003046,11.363823198849708
262,0.4464159695421749,10.90433793779024
263,-2.196299031003046,4.262472061447203
264,1.0671706576434534,12.392621828548695
265,-0.49730159225542225,10.43135372070043
266,0.033957709752421836,11.783200672465798
267,-0.6506955501196392,7.985290616996746
268,0.5071819097254305,10.907027496039552
269,0.551527358935483,11.455392074847502
270,-0.5212579134283953,10.444105971183255
271,-0.29849485275710463,11.855219871080488
272,-1.8582174576112378,8.75866678765561
273,0.04625468934529285,12.443679258199296
274,0.5097514434870735,12.492923564719547
275,-1.018072318744339,8.054773080688218
276,1.1839944676933232,12.259263280182024
277,-0.1514259771056632,11.621930086432762
278,-0.17750216497441904,11.016153550456629
279,1.8095101025757836,14.912502482391867
280,0.27716650953004934,11.156601817758467
281,0.36580498622682756,9.496396957938648
282,0.6016044508913443,10.26841997758229
283,-0.2467713494770374,7.156629121145645
284,1.628960496310328,11.052516530340531
285,-0.5033785194123439,6.945633651359083
286,2.0729193692692194,13.144816921923967
287,-0.4943829297077608,7.168163469457346
288,-0.2963836112673368,8.32180176956657
289,0.33928423371636823,9.62208693528528
290,-0.6035964419463747,7.249273744503778
291,0.17910920220895285,9.647574074653514
292,2.8266376444004497,14.204007729010208
293,1.1737388299951805,10.70038628952993
294,0.8862954839865925,9.451461548460655
295,0.9227838429292363,11.246140064393884
296,-1.0081433851382409,8.62612779151575
297,-0.5373544781597387,10.912912822689899
298,0.4352087569540112,14.216542880822463
299,0.11655593104089498,12.120638117832494
300,-1.3675865623806316,10.37325697911934
301,-1.9640443315517415,10.183778821378345
302,1.5025201622379727,16.50749033693964
303,-1.7894891399732065,10.316356497128991
304,3.33768515402121,20.7706254765946
305,-0.18566327428769566,11.871352349332795
306,-1.5501051190794222,9.345203920192896
307,-0.1908529831258056,11.515323042214508
308,-1.4529883237807812,7.747682536912725
309,0.6164174151974646,10.45104741894731
310,1.3286285775125894,11.965899838703631
311,1.10722064212913,12.37021792438823
312,-0.056144647824989694,8.370239824685207
313,-1.4272434045857958,4.321328582964458
314,-0.07869620481433813,7.131341100480288
315,1.087970152901148,11.160802767568788
316,0.37779860453734515,8.509747540192368
317,-0.2513158026850246,8.209733800461475
318,1.3858193415110813,12.166319119019283
319,-0.6995158111690379,6.411714182296993
320,1.7280978250591437,12.320151626185476
321,-0.08669492180236227,9.059375161519764
322,-0.5760389896613309,9.514793255211982
323,0.4145439697612946,10.669253824665766
324,0.6378600751143139,9.803709897158399
325,-0.9644079309861727,6.088106067588975
326,-0.4096962473128612,7.399881415014689
327,-0.45909414383888875,7.480014500359267
328,0.6950664107931578,9.814955466974238
329,-0.11766630407422372,9.278642057644722
330,-0.5334659732209291,8.674718521142433
331,-0.4077028999484624,9.61851797793868
332,-1.033573978378728,7.5376218278488745
333,-0.25783430495086457,8.506920332362077
334,-3.4543355397294833,1.718008839750204
335,2.1092729027464507,12.274955672215379
336,0.43600775357179317,8.650854523912848
337,-0.5345673328917884,7.129800844971999
338,-0.29133728450389973,8.218122362505492
339,-0.8248745704166915,6.8179059723222615
340,-0.3627416427279042,8.396368249737883
341,0.6023136477472403,8.86351648139604
342,-0.01816274951254063,7.528972981910053
343,-0.25683850121614404,7.029698027391443
344,-0.21643396418567495,6.344437634335067
345,0.5504393063335986,9.424065981276657
346,-0.7425670748404772,8.182816062624868
347,0.3743587560399638,8.70462081740893
348,-0.6974750759646208,6.344208302578716
349,0.05490300300072834,8.501843375273829
350,-0.35946236062809883,7.833204270241097
351,0.273817281091836,10.729497672853489
352,0.04366782666638727,9.15893262084822
353,-0.3866978262949562,8.381729365633845
354,1.7366796439646357,12.55982047003489
355,-1.4025727084282997,8.07943318938321
356,-0.3132850967336528,8.862938244184512
357,0.12061014923777215,11.123663735930425
358,-0.31477969006139495,10.657017680784305
359,-0.36690659759127175,11.216539105332616
360,-0.31061124478051977,10.466910837895924
361,0.20345153599096574,11.325784808136588
362,0.7540192897001757,12.695599109779762
363,-1.0339129625997634,10.644757177100878
364,-1.0616728476751862,9.67909249528189
365,1.3118102157133935,13.78426205296653
366,-1.1907761081893122,7.200807739404144
367,-0.4210394756493313,7.8725992544786685
368,-0.8044209789715586,9.063309034489361
369,-2.2267276129612634,7.918658891155332
370,1.481567949321278,16.811871956317404
371,-1.9937366625044262,10.621951895210744
372,-0.009421751031808383,14.710333197452314
373,0.5373956446972122,14.61444956957158
374,0.8165858122925288,14.441346926527132
375,1.9480500692587361,17.39080495166335
376,1.428674887899701,15.365915446616263
377,0.5477776236518467,12.787750802466315
378,-0.2789258214738089,10.638483938898556
379,0.8731598524071083,10.834307976897515
380,0.22322255391657952,8.088586101909403
381,0.8500535704211866,9.99363518911143
382,-1.4268606175502778,6.712194274807695
383,0.12532635232621375,9.122552760405059
384,-1.4553967860153894,7.642856072615121
385,-1.5054245515263196,8.744428979540395
386,0.41418189485988,12.124886437923692
387,0.8332081650782844,13.052137337751159
388,0.9604540044646956,12.858739302434955
389,-0.03952523912422816,9.351502096022429
390,0.5384347998461018,10.453262135082497
391,0.3704153076988824,9.82846247166962
392,0.07967630402826353,8.677811932913439
393,-0.5033638016996593,7.539112074762885
394,1.4553906656197375,11.592414116775995
395,0.8920095398992175,11.055416028430907
396,-0.18221529467170416,8.490369811287117
397,0.13786490792662093,9.946957123498684
398,-0.033486350524554793,9.04082967425539
399,-0.16315152159943144,9.186379347956182
400,3.0734708169597256,17.50600216779925
401,0.11501977984431813,10.792113523131732
402,0.6326252896957009,11.33537889725554
403,1.5485301957883641,12.463632862390924
404,-1.116644673826636,6.114672859394566
405,0.7248718504921967,10.257100408425519
406,0.3789856850524064,9.332819406606692
407,-0.20280695921865996,7.982740458956251
408,-2.005020225301617,4.917569262468127
409,-0.30052050589697077,9.263192400842474
410,1.6175860928139467,11.885210564781355
411,0.3436606323459626,10.464359857148075
412,-0.9464672580264458,6.510554262710636
413,-2.1797874127485084,4.166847460483921
414,1.5072414348188632,12.158349563280098
415,0.8287351962058455,11.76257062303086
416,-0.8650244038218652,11.158693079248916
417,-1.542945557773975,9.028474966660639
418,1.231842167573359,14.49517061665654
419,0.4759747085976412,14.372249970910111
420,-0.12220406239709626,14.686612128668116
421,-0.2706493491423545,13.30574946764898
422,-1.8366630602256178,10.391817706514537
423,0.5526580602311303,16.234724525825413
424,2.1307602157592735,17.857925785443335
425,0.43261978151658026,14.300770672802198
426,-0.5246269831657486,11.139900583359744
427,0.05005947188710085,11.135120730973062
428,-0.1673168624844682,10.536119520397609
429,-1.2582587181664282,7.15737875386822
430,1.5699032626788594,13.25584244966003
431,-1.1794264298113204,7.856271607976647
432,-0.5229571768515914,9.832197454557127
433,-1.33286995421979,8.327269936855481
434,-1.2718973576452204,7.931601729913987
435,-0.7129386487032227,8.832557897490094
436,-0.3349813868724723,9.892954005213355
437,-0.8029884404304737,8.643689904772334
438,1.057466447723549,14.226540376492672
439,-1.7079434254081165,7.4588839045618895
440,-0.3997788899133923,9.779773703957478
441,0.7791795327739662,12.040307486865398
442,0.1377656275973739,9.589727742629591
443,1.803858459160058,10.805322394238656
444,-0.4263427454576082,7.3636196230635536
445,0.9656926028754443,10.352241063081662
446,0.5686753811781877,10.013116615200909
447,0.31655704876774393,7.962845582792125
448,0.4462098386173411,9.644014975573937
449,-0.5049622361235784,8.022553415736924
450,-1.415904037383935,6.071082949473743
451,1.53097182621569,12.70480941145252
452,0.422625380352475,12.462423176832033
453,2.0297639820406363,16.03993304243934
454,0.6343860119120418,11.00994013050545
455,-0.3701515390026615,8.352465282074757
456,0.6691466626298394,9.41749269317301
457,1.0861842734371965,9.598332131174018
458,0.717144857909628,8.547959764569868
459,-2.1058507862109126,1.8319134153893222
460,-0.3604279876571985,5.219693679457887
461,1.5067484992625209,9.495101250329157
462,-0.19620680066682955,6.676294176484747
463,-0.5851849441901212,6.6288062312271165
464,0.25066550693823236,9.741654161619074
465,-0.17420437236093952,9.418719054766425
466,0.10067335466847596,9.988396939425186
467,0.800106238703524,10.33066987199644
468,0.5923041541739256,11.617006861591125
469,-1.2775862662583484,8.211051469985298
470,1.1809239471540407,11.82436177633312
471,-2.4820562287893235,5.551564413749942
472,0.05184005438446696,10.563536900354123
473,-1.5878684753871506,6.390117881123288
474,1.567348902970036,11.645387524560793
475,-0.3565776155039062,9.767123541130443
476,-0.7163466185689141,8.504965191517625
477,-0.5009704535144481,7.98763954352939
478,-0.18245774218408364,8.506812406150399
479,-0.2720751704485279,8.649918457007724
480,0.5414103441552535,10.879910245886633
481,-0.6251433277674141,8.216906402800571
482,0.43670496722518204,9.610808166116064
483,-0.2702522883001709,9.801337958809997
484,0.7472396645562676,11.78071968140696
485,-1.1871360654653869,8.114482549291406
486,-1.4328502543021895,7.2874798143038735
487,0.21450553104441755,9.303335371688433
488,-0.16965595516442283,8.41595538063535
489,-2.2099762966570804,5.52516779773727
490,0.11054828095471275,10.858667726843722
491,-1.681483655465575,7.574809370552707
492,0.9337064907318847,12.57584391046313
493,1.1584827787532874,14.664923968836515
494,-0.04701654907396553,12.22702502192408
495,0.25728894904632404,12.116731951304502
496,0.46212950033678263,12.879209085091894
497,-0.11501665049432355,12.428569313525678
498,-0.5920847587227032,9.803759697543187
499,1.0782239003583436,13.075566616078234
500,-0.2162059642881973,10.633042762659027
501,-0.5970490372855854,8.867025886675068
502,-1.9613468149580686,7.915207437611333
503,-0.5476634984947638,9.528552543298922
504,0.5898498120083463,10.494848879005465
505,-0.4206147409623709,7.885583825891904
506,1.6705093808452636,13.106179193177573
507,-1.8868803875846272,4.966139303375423
508,-0.03413265016159908,8.998392279617882
509,1.6116434384957272,13.007158065994377
510,-0.1813044496200199,7.162064263914252
511,2.070792396546161,12.622033029751478
512,1.325167782472227,8.928894318348766
513,-0.4375029691308639,6.929109208099311
514,1.0411116487298606,10.277014501466411
515,1.1153193533495382,10.781471008115997
516,0.14903046126345598,7.3114417597152705
517,0.8781402213608976,8.866314214166703
518,0.3815809866802113,10.181393353805738
519,0.6545454603942017,10.0221444039574
520,0.8853428823914289,10.162614818094271
521,0.43271009945825034,11.330306979721977
522,0.2624229811330555,11.104624260251887
523,0.48777555333970596,12.724237175136675
524,0.11237861220512,11.92431751136542
525,1.550003234193996,17.098552416592092
526,0.41824249676036174,14.41449454932933
527,0.40071737135677166,12.709335119671398
528,-0.3297573372687396,10.675502062179444
529,-1.1787709831705753,7.923990396009289
530,0.3804837175934433,11.796202631476376
531,1.2249176848578058,13.131934107113837
532,0.8818069662385762,12.441535584402809
533,0.9564148966261873,14.231898489784266
534,0.3486820137841392,13.381725049033228
535,0.7616706391948179,14.918054261057298
536,-2.3481819066948577,10.605820655051378
537,-0.5298601969878086,14.401352897918933
538,-0.9018512091647739,13.21684653308825
539,-0.5222069923129073,12.38595002975674
540,0.6393130128483798,14.790454328178843
541,0.4811128502214331,14.742903183976663
542,0.1955506004928156,14.203076170162264
543,-2.3205919809543025,8.528830619120468
544,1.0682617827522272,16.35596975128459
545,0.7230912881552667,14.001552776066749
546,-0.7197702448923985,10.105864660351106
547,0.3449745557272298,11.042656550524836
548,-0.5976000319665804,8.769906941284654
549,-2.4508721759035668,4.191277499031766
550,-1.1553970529434676,7.0544830638076625
551,-0.8196695988002825,6.493186000251233
552,-2.3385407183574833,3.918188395652079
553,-0.7641261975679974,5.922675660367933
554,-0.7004154865960135,6.65232997109932
555,0.20832267196996307,7.780421273585437
556,1.4582018412701563,11.265410693046343
557,-0.24397152858051413,8.661982963058696
558,-0.6857188800615084,8.28300522772427
559,-0.017907942330282686,8.60876761560726
560,-1.135867004441109,5.59688986615347
561,-0.7827186408300141,7.376361682677003
562,0.14286396672743681,8.152598120198554
563,-0.458508899016877,7.531426039968413
564,-0.09064436203647333,8.925241467000653
565,0.7337357240255763,10.907094808020842
566,-1.305360587410324,6.9176327455725755
567,1.0903456337693052,13.470660822927853
568,0.2571294204044683,12.224076093765797
569,-0.012303301308689812,11.632473876068703
570,0.4303226270312833,12.78055994615622
571,1.7582219527589298,15.479572342434663
572,-0.8309827003085634,9.529890305223942
573,1.1196411332980392,13.609044953660952
574,-0.5738131077321496,9.489608532492674
575,-1.049670020468513,8.529722875135068
576,-2.3218237629993363,3.7544536375214195
577,-1.1100482988319862,6.3633969866493505
578,0.6795679582716231,11.853369347915464
579,0.18676024610498773,9.728166366385423
580,-0.7419164054516773,8.737759969773153
581,1.3101982514232928,12.112344083849322
582,-1.40135347760743,5.440707631134636
583,-1.3220202560171888,5.066247041386612
584,-0.4827557307216931,6.4281017150850435
585,1.621024913932791,11.986538715076378
586,-1.354060515041654,7.976296947736397
587,0.2004998654721956,11.904852402570128
588,0.21172358635471536,10.872185367176458
589,-1.3705187377133354,8.064581879345669
590,1.3328466723895513,11.870001520830701
591,-0.8861674149433048,5.542271754030938
592,0.28505114374918245,8.562260800470595
593,-0.6263314087819409,7.241678571673863
594,0.38372243713829884,8.988904303005464
595,1.0473059682164707,10.248105190413563
596,1.340763274067016,11.9523142842355
597,0.8267381144691718,10.432821490571351
598,0.18870786235080014,8.507565324953648
599,-1.218486349665278,5.559742982172842
600,-1.7864368193545601,5.519720893107294
601,-0.15556972236401345,7.214523901487349
602,-0.24853208850581895,6.661281401842539
603,0.07496293884200772,8.525850420420147
604,0.4146767819155571,9.392230780163619
605,-0.8418275352726616,7.969627410058347
606,0.17413285696026534,10.048430614291167
607,0.006113731335791831,9.445430481825884
608,-1.536527213129525,7.6920729812407584
609,-1.5104543559684855,8.698139983183955
610,1.462995946242515,13.746603920264189
611,-0.2930798691434879,8.289031821691944
612,1.4594654370438522,13.113326264052771
613,1.5025183951910885,13.821033331637878
614,1.3509326095821952,11.13022383216771
615,-0.4449384957875307,7.977965110172294
616,-1.039981359910758,7.939442022302016
617,-0.0706748227547872,11.044829274069723
618,-0.7576726805672702,10.088778499857513
619,0.11422424569860697,11.505972883357247
620,-0.8927277269382959,9.097871193192294
621,0.4827041681138243,13.383406753975569
622,0.6920559471441406,12.087227750683816
623,-1.8274020346344317,7.453087043480039
624,-1.473498071277878,7.642186161815758
625,-1.118003009859635,6.406027665502236
626,0.6943201449153079,9.646852245635152
627,0.7622977463701252,10.084635658034813
628,-1.578202926444898,5.884190522739656
629,0.22687403451265487,10.230823153780959
630,-0.6718117013415766,9.333688074878332
631,-1.0660190703759644,9.643392572660614
632,-0.8294763208625705,11.744207631533222
633,0.03391104818916501,14.224466743696361
634,0.8553837966857982,16.48834319802723
635,0.24033720992066496,14.604942231471277
636,1.8490093242754166,18.549584597005
637,0.9768442406768371,16.440318946245
638,0.013248175677459636,14.781809456481888
639,-0.33053364549264547,11.863937162357592
640,0.8978122743035394,15.984197567451453
641,1.0812541863582672,17.02479174419124
642,-0.5265047338835149,12.140179522846498
643,1.6354680370904968,15.619075592875696
644,-0.3114595535484447,11.332450121248
645,-0.23650459339767882,11.92605430232382
646,-1.882361078248811,8.751777275721686
647,-0.3559045129244838,11.776155291188795
648,-0.863176084592876,10.768786944742345
649,-0.26276544102469673,12.596191276479754
650,-0.043058964390090465,13.445027204245754
651,-1.5517075329256718,10.8313303990859
652,0.45754966534551716,14.233162675090552
653,-0.5813954218222094,11.194298145119921
654,0.9442524036626345,13.197948006715825
655,-0.689728982297131,11.23072531128961
656,0.7693804785676405,15.041893799845118
657,-0.8347361064391848,11.441561750168052
658,1.0775839295940404,16.379518321524806
659,0.36910634915516544,13.651079202391045
660,-0.2440166329991564,12.221097657891292
661,0.5542777987792709,14.761183949028968
662,1.4025637396403847,13.280616899924844
663,-0.23999398992042212,8.6158335567626
664,-1.8588599725226211,6.10020040241117
665,-0.6564398660157705,8.112565225410558
666,-1.6544929918108606,6.287931105253492
667,-0.8894795020544185,9.585811923272232
668,1.4510986347893642,14.288668211906309
669,-1.1094784937989999,7.064512725110198
670,-0.6711587740472745,8.653107780751535
671,0.045303370280036205,9.830775198104067
672,-0.48840339379035136,7.440202915067084
673,-0.3257608558311239,5.43661212879068
674,-1.9316726918779035,2.7505284504308
675,1.2031128236591906,10.792625555238162
676,1.958855064010437,11.95431257721534
677,-0.5648846914242913,6.5606288741684935
678,0.8218168562918374,10.32318983560007
679,0.20257309988086208,9.607027542908039
680,2.3961333391332604,14.159056156231584
681,-0.04782607863133134,10.341698891265157
682,-0.3120261733528593,10.038601854273237
683,1.5620244092413196,15.006089378682674
684,2.6290808735889537,16.9797215090614
685,0.8257876482627435,11.304917872445499
686,1.096966375926446,12.830666924745783
687,-0.7865592913634281,8.377062659012262
688,-0.0176649702227133,8.002871069332677
689,-0.07337151518606606,8.161356404590123
690,-1.1293029550804246,5.568159904657345
691,-1.2530153470491603,5.023193164056331
692,-1.7018761186714633,3.7345803093874226
693,0.17296985654789718,7.105597630848061
694,-1.058162584930815,5.7003141539833795
695,0.005281524062940714,8.63890322110706
696,0.36712648814196436,9.714825366067426
697,0.7491979085603176,10.19908935866339
698,-0.8632532690592816,6.591893476337367
699,-1.1861688980607275,6.799456523464388
700,-0.24731281995055332,9.363080832793749
701,-0.9494589830656323,6.7040146337675495
702,-0.21640442657683415,8.36982820339409
703,-0.8319821916277652,6.50455217714633
704,0.021689430715575476,7.7560183888579655
705,0.45815310159905565,8.446316044027055
706,1.3045474924834264,9.95179237222179
707,2.021252336545889,12.828804190976186
708,1.2484015949865293,10.493740085900681
709,2.0411311942360473,13.0125107629733
710,-0.6461144355227048,7.607152549719683
711,-0.5684161406922469,8.394534552483211
712,2.2277290431333143,14.244182898626963
713,-1.1414626356700932,5.556057103233358
714,1.0897000178856417,10.175682873828254
715,0.552904495461188,8.109183344584237
716,0.8997778339102382,6.751680327953108
717,-0.3146544817915989,4.281539819841707
718,0.024716018568315345,4.230635396478597
719,-0.19171410840960668,3.23353400218363
720,-2.1042725098862687,0.4188036687840748
721,-0.8266876494552137,4.4529433966796335
722,-1.472082706644674,4.550861181322113
723,-0.9921570868125937,7.691544568418657
724,0.04658740954213187,8.339045167234309
725,-0.6075110470586932,8.934238857581427
726,0.3194845949578823,12.531624886063534
727,-0.7969465696889597,9.343098953650397
728,-1.1090045327782039,7.212426420679584
729,-2.1278616516138427,6.130998845329551
730,-0.8150676854729816,7.016541150472897
731,-0.9073002432807337,5.611769636520804
732,0.9998107419531629,10.292954982218914
733,0.7648771107844297,9.183017746642712
734,-1.7559066412047524,4.852873682327823
735,-1.474763690710259,6.7940343620549815
736,-0.047192100945000766,9.427577251196237
737,-1.4907493716762188,4.93737389047164
738,0.5033861713097492,7.903144974312847
739,3.3578949920723313,14.003374950262591
740,0.706585057307405,8.83317629283639
741,-1.9856942150277104,3.186480499771885
742,2.5745714232078463,12.926374972021952
743,1.1222727011934195,11.78114702259638
744,0.6591753423801009,10.921647273376951
745,-0.24176589394276118,10.603971425576038
746,1.2807828297541988,15.027342569385421
747,0.6137621774083032,13.581474604824871
748,1.1372483416783667,16.204166020669152
749,-1.1011962313155634,10.176120406946742
750,0.7039069901734603,13.598235157469514
751,1.1739022250129432,14.745176014415843
752,-0.8956575219794571,8.336042735172489
753,0.12841845199355162,11.452462164751545
754,0.7122817578028338,10.954585094165658
755,0.021212571393113135,10.35181937643388
756,-1.6052428457696615,7.065597059174487
757,-1.1488072936438354,5.916324659336348
758,-0.4987371601551639,7.411703252548895
759,-1.7121427482288114,4.050665288243154
760,-0.49308962381858734,6.390640783183039
761,0.9615114949803809,9.132259715963858
762,-0.4854965385244955,6.214183079400222
763,0.7314157230983375,9.476473811610155
764,0.5545398918600825,10.320713626263231
765,0.19476326613561137,10.864617791178155
766,-0.4746590173425195,10.138907681009186
767,0.3790219651072622,14.396935115636044
768,0.03495159317263476,12.769514393465604
769,-1.0950240652935368,11.311245486957873
770,0.5575903439257573,14.216123726215821
771,0.7778400413467392,15.114357780202164
772,-0.3710923312169233,13.42260374815156
773,-1.0289565577631081,12.481119102121308
774,0.61285053812538,15.052996501430517
775,0.4933498000753152,13.54839709007068
776,0.6642994562412848,14.526760623766378
777,-1.3552013487922605,9.870713057989681
778,1.0542593550318944,14.683389882465466
779,1.5177973770532505,15.58368438341742
780,0.07199481285718473,13.571093299719536
781,0.3965016085504519,14.119803399605342
782,-0.1528724637251653,13.349149093893855
783,1.5702482781472853,17.78316532565954
784,-2.2905947624740595,9.916236445232936
785,-0.6009042657526801,15.376936298293757
786,-1.1781652596767458,13.040800486029216
787,0.925573137427777,17.543444551533497
788,-0.16615597232723436,14.525596070858173
789,0.6869884616467495,13.014569009846085
790,-2.3272304308468845,7.907124198606057
791,1.395063073525706,15.543149770822005
792,0.4009233986029551,13.18734645889232
793,-0.18978155691076654,12.600212018816075
794,-0.2934794863607573,11.135261239613406
795,-1.0227468143333756,10.131878203728043
796,0.41551753249580536,12.481291633692546
797,0.7040931560639616,12.31552475831008
798,0.1351298689299906,10.630400944837668
799,0.10891302017037689,8.7114354067661
800,-1.2641938815606024,5.475937412589564
801,0.6295965506264374,9.612451882643233
802,-0.05663979494387391,8.945310322468854
803,1.409070870903128,11.37922700500585
804,0.3233259279652916,10.044570689499267
805,1.4801076632278054,12.356972943154906
806,-0.2617911311674191,7.891481369258916
807,-1.4662053850957688,6.143275980073686
808,0.33304121142842114,9.739086347382472
809,2.0220326963358035,12.407069945991243
810,-2.515462962989331,2.0656234025857687
811,0.9516146664331333,10.357177045659284
812,-0.43045543172995343,8.496713642962366
813,-0.8110463169671048,7.885147151601742
814,-0.3832484147774939,8.714388519384517
815,0.12932208161739958,10.296744680377984
816,-1.1479140678601738,7.811910310789917
817,-1.3874749810823042,8.563793471863422
818,-0.5249861935758944,11.252749675634114
819,0.42088332233990533,12.83114580158219
820,-1.0045182294428514,10.75095623736475
821,0.19226588390824267,11.182098144267052
822,0.341343069478761,12.078776103872293
823,-0.48621723099737735,12.560401471322793
824,0.48629055363607754,15.410060214454994
825,0.34399105261056695,15.539577814177996
826,-0.7773523095049066,12.998583813766242
827,2.1256515010461907,17.74261599573929
828,-0.18436793671117271,11.39896040819969
829,-0.740234826435743,9.628903378416606
830,-0.8674473129580939,9.162044925041192
831,-1.4030280590699942,8.153814714690029
832,-1.222588841608866,8.1001311035171
833,-0.935084955777132,8.461088541872222
834,0.3748952762612217,10.384111177654168
835,0.9846703395717464,10.93765492346274
836,-1.0736365419550864,7.593002827346614
837,-0.04698528945660669,10.873989179648522
838,0.40803355231995597,13.765022144793686
839,1.455055684220037,16.290252247864935
840,0.08084146718369767,12.976121937055076
841,-1.7902070367034624,9.186490869519035
842,-1.264352188327756,10.305091018091977
843,-0.5903258708300279,8.658087489670487
844,0.46608549503557906,10.334895614152504
845,-1.1124934418310108,7.043502148116307
846,-0.7303331782489213,9.290948090439034
847,-0.019400104535431527,11.622184123833987
848,-0.2081926534388395,11.373365834801195
849,-0.335464244493532,13.246747955478524
850,0.8891550640522714,14.523563219311182
851,-0.5617585949504363,10.555663045713706
852,-0.7440411440081517,10.281792451264389
853,-1.702200791490549,8.252798314439618
854,3.046930910610988,16.862402778722267
855,-0.6953387104088017,11.230236150603256
856,0.34088669818023765,12.804027643996283
857,-0.8091475054023218,10.219750857997095
858,0.538313770911719,12.404068874663135
859,-0.9218930879046664,9.499173154266593
860,0.3667847458507087,11.277637102634845
861,-1.4355012195615175,7.373783687655985
862,0.1097734241830747,11.327640862998912
863,1.8011064150954044,15.970031451844584
864,-0.9717720970157114,11.471448617757709
865,0.7996166395424982,13.70640608724474
866,0.6452795716707067,14.707884875920872
867,-0.5235797555198187,11.51253064926799
868,0.1875488874636141,12.636976329116727
869,-0.27475891344248504,11.528612406304237
870,-0.5385563401223931,11.705946310012099
871,1.155305798835958,12.673227751666278
872,-2.0412969850166856,5.283597884544124
873,-1.6599884216443022,6.516651681429857
874,-0.18269746725755204,8.313264206417527
875,-1.491031771898714,7.199905530676999
876,-1.2161060352018442,8.169350833919205
877,-0.5007613571007696,8.690231722776183
878,-0.6799820116612145,8.434911810564044
879,-0.8412215779717609,7.403950543730821
880,0.30762412880358975,10.675953993818116
881,-2.1088286306341844,5.5951192500628
882,-0.6832593252575963,8.655017002950775
883,-0.3626052025996783,9.610225173191475
884,-1.1588885139860545,8.61100141303659
885,-0.5431118350910137,9.85527743877723
886,-1.5526659810528902,9.079976081555724
887,-2.2620727142249977,8.878940806142213
888,-0.5043370145105254,11.640121802508434
889,0.3338851934721769,10.549483808024702
890,-0.13963327413080728,7.490940442436791
891,0.30100680912772376,8.454018372275753
892,-0.9840398526336543,6.134742195268492
893,0.31445312967065736,7.1256498065173615
894,2.5846840203930856,11.751935910453092
895,1.011477661833434,9.34441336223021
896,1.1453073701016812,9.857270998446904
897,0.7751821056479077,9.804578043966528
898,-0.08848923035433025,7.503412259406791
899,-0.7629060082993606,5.867860508093521
900,-0.5037171070726273,6.404713982542671
901,-0.15704737509420272,7.550652808507904
902,-0.8080490253492977,4.337403787259956
903,-0.890152481008542,4.899392883010028
904,-1.0318399326505656,5.879870941201964
905,0.016918421997582856,7.868649750632452
906,1.6576131720088951,10.204352065556542
907,-0.49986032391520685,3.238200648913315
908,0.31824782959199904,5.121688973652334
909,0.33048547003136486,6.690536875804305
910,-0.7898115129263835,3.847499450801629
911,1.1629797558778612,9.25293085529217
912,1.3260076034185508,11.727316068952401
913,-0.9399390870148003,7.167540124224596
914,-0.19514005588354733,9.091200440795982
915,-0.06729424311160782,7.9642841141696
916,-0.2579488675602842,7.119755017853681
917,1.6109337837025914,10.219221223630786
918,-1.8993160609874877,3.9642812084377974
919,1.3694659617639995,11.241822131131709
920,-0.7788402589103378,8.23832351099288
921,-0.16443964958022886,8.486378658063941
922,-1.0882101904022616,7.444722792812308
923,0.5086005622309103,11.381929889401857
924,-0.8071262020258982,9.735617224779276
925,-0.04055823342378531,12.081219825950203
926,-0.47791123129949165,11.083227093882154
927,-0.04077617499471983,10.636145157424256
928,-1.211393263004761,8.668327416119789
929,-0.9776506149427558,8.857819791268941
930,1.7214874123627673,14.970686584858727
931,0.4166195650997221,11.459143408836502
932,-0.3285385476235812,10.390059898504019
933,0.4521749846281957,11.886525426402752
934,2.564939799638047,14.85992858359463
935,1.3205162500486165,11.841922414691041
936,-1.7321274814150904,5.180243505340795
937,0.04831979168040279,8.943037270836388
938,0.3038060438114626,10.01772080261213
939,-0.08883232244485186,8.201632706293625
940,-2.543573055147189,1.2218360160014203
941,0.14748324025669574,4.598439057183414
942,0.0007868765597858999,3.7949068179945034
943,-1.234424567887075,0.6429896814926863
944,-0.8663059670894885,1.646938334163985
945,-0.8272187048941423,1.3480124156998858
946,-0.030970507492463894,3.9696854721364687
947,1.4767170032522294,8.196599877115885
948,-2.412322889473855,2.122206991630134
949,0.8976649974416898,11.622205113905322
950,0.37129713993595415,10.311848040997054
951,2.0112304960138405,13.08644261228599
952,0.8643365956703993,9.083160920712437
953,-0.27473505916123786,8.015420119664604
954,-0.24730703161824155,7.061544474151175
955,-1.3520612892942943,6.6249569511215975
956,0.08550195552967974,9.025047440728647
957,0.7668884198549215,11.579419715248966
958,0.4504821677023386,9.832541610042131
959,-0.06695560318926251,10.726742720635242
960,0.09806234787420032,11.120961904301376
961,0.044500243427389126,10.620208913898418
962,-1.0052305388990754,8.303637298981595
963,-0.4365370191779594,10.054034652625381
964,0.27817079447943827,10.19918581005466
965,-1.3949147585785466,5.961673285747114
966,-0.2148141958632243,8.94455092097001
967,-1.0696781281064047,7.802505222851764
968,-0.21944118450581707,10.44111889617628
969,-1.0192962626476247,9.711650122025398
970,0.5151335571099137,13.132425753738337
971,-0.4560431616686769,11.524609469350636
972,0.5157168015229504,13.78800780618188
973,-0.18926406900170267,9.407325690953298
974,-1.8731749134456228,5.472940081392276
975,0.21381848178032098,11.423477446152825
976,-1.456022843035892,6.817834101085149
977,0.9706490400510303,10.831121932483518
978,-0.25928206497069706,9.454450283253385
979,0.5373664296452014,10.38084531892999
980,0.823621674418032,10.929159469023515
981,-0.6881984115402434,6.97451739272525
982,-0.2522886731296683,6.586144991208706
983,0.062000648313860596,6.702788742455272
984,-1.0997546622495307,4.124178479111935
985,0.2955547046681026,7.30166857352648
986,1.3445222016367373,9.404796188661793
987,0.7054803225101615,8.63730417335346
988,-1.296344512481254,5.801771519771491
989,0.07177500066023437,9.268219846059313
990,-0.39885177370029634,7.938388876334269
991,-0.44841209463414683,7.512756298459442
992,-1.4187621235272307,2.116021141088936
993,-0.43368022275416407,4.677698996386219
994,0.020601350643313712,7.122302822767688
995,-0.912439813518738,7.646286622743855
996,-0.5092759850360412,7.657921967273312
997,-0.5705222327282252,8.07670049845884
998,1.1526113689671986,12.29529404042421
999,0.9986190198300126,13.984380342069363
