1,2,3,4,5,6,7,8,9,10,11,12,13,14,15,16
41,97,64,20485,129410,20.0,47.0,275.0,9020.0,59505.0,405696.0,18673.0,4395.0,132.0,35.0,259689.0
47,89,58,20422,129493,12.0,34.0,269.0,9040.0,59052.0,405795.0,933.0,7123.0,366.0,547.0,106413.0
51,85,79,20564,129916,14.0,32.0,272.0,8992.0,59353.0,406250.0,78488.0,4398.0,10.0,757.0,166399.0
63,85,68,20375,129835,21.0,31.0,265.0,8948.0,59645.0,404465.0,13434.0,2985.0,270.0,320.0,4715.0
40,83,59,20545,129573,18.0,42.0,270.0,9142.0,59234.0,404968.0,1703.0,1044.0,130.0,1633.0,167356.0
45,94,65,20260,130141,14.0,37.0,279.0,9090.0,59610.0,406355.0,10165.0,8028.0,233.0,14.0,82415.0
47,78,51,20408,130090,16.0,39.0,266.0,9076.0,58845.0,402544.0,48286.0,7474.0,36.0,596.0,33622.0
62,87,65,20548,129603,15.0,38.0,273.0,8905.0,59131.0,403774.0,18431.0,13962.0,58.0,21.0,98980.0
43,84,71,20304,129330,17.0,40.0,264.0,8982.0,59567.0,405194.0,16414.0,587.0,5.0,271.0,93203.0
30,78,56,20352,129197,14.0,37.0,272.0,8945.0,59331.0,399373.0,4663.0,112.0,208.0,127.0,10948.0
34,93,54,20575,129408,13.0,36.0,265.0,8992.0,59282.0,407824.0,34108.0,335.0,7.0,425.0,38719.0
62,73,57,20369,129513,19.0,45.0,259.0,9073.0,59127.0,405324.0,13726.0,10743.0,185.0,9.0,70758.0
57,93,58,20734,130043,16.0,35.0,263.0,9131.0,59225.0,407070.0,8475.0,6415.0,130.0,971.0,32324.0
45,84,52,20468,129504,9.0,24.0,260.0,9005.0,59475.0,406053.0,104170.0,6397.0,437.0,161.0,220572.0
48,73,62,20327,130631,18.0,37.0,284.0,9013.0,59160.0,403738.0,12664.0,1590.0,216.0,268.0,114734.0
51,84,61,20371,129942,18.0,40.0,260.0,8964.0,59308.0,408795.0,3485.0,3338.0,59.0,1237.0,76281.0
37,97,68,20315,129639,16.0,49.0,285.0,9022.0,59090.0,396843.0,40105.0,180.0,210.0,123.0,9327.0
36,87,67,20386,129609,13.0,33.0,274.0,8861.0,59247.0,406492.0,85677.0,866.0,173.0,639.0,1601.0
51,82,66,20353,130661,20.0,45.0,261.0,9065.0,59414.0,407121.0,12815.0,686.0,84.0,241.0,123860.0
44,82,64,20696,130143,17.0,29.0,277.0,8880.0,59477.0,405954.0,9215.0,616.0,170.0,429.0,70832.0
38,99,59,20068,130240,16.0,30.0,274.0,9029.0,59315.0,396275.0,72.0,4493.0,22.0,288.0,56020.0
40,90,47,20465,130243,19.0,40.0,299.0,9044.0,59414.0,405672.0,16361.0,123.0,15.0,43.0,247980.0
41,90,59,20145,129808,17.0,38.0,284.0,9107.0,59520.0,405359.0,28812.0,3721.0,41.0,1328.0,10040.0
55,96,60,20398,130426,14.0,36.0,289.0,9030.0,59759.0,403994.0,46962.0,3701.0,55.0,72.0,120216.0
46,76,61,20424,129625,16.0,38.0,275.0,9001.0,59237.0,404145.0,79117.0,194.0,98.0,29.0,110726.0
41,110,63,20647,129735,10.0,39.0,266.0,8854.0,59034.0,404087.0,88035.0,14098.0,272.0,148.0,49013.0
48,79,68,20389,130286,20.0,36.0,267.0,8899.0,59567.0,401411.0,781.0,1569.0,102.0,1099.0,82938.0
36,82,67,20605,130117,9.0,38.0,258.0,8999.0,59314.0,406369.0,41403.0,1703.0,19.0,15.0,78089.0
44,82,66,20359,130327,17.0,51.0,271.0,8845.0,59229.0,399653.0,5885.0,2430.0,372.0,69.0,224671.0
38,75,68,20303,129953,18.0,39.0,276.0,8994.0,59086.0,400238.0,22740.0,199.0,279.0,645.0,240818.0
39,105,70,20124,129278,17.0,38.0,245.0,8843.0,59425.0,401660.0,134507.0,3886.0,284.0,314.0,23458.0
46,99,59,20249,130169,24.0,49.0,267.0,9135.0,59520.0,402664.0,64.0,1726.0,35.0,36.0,84569.0
39,111,60,20347,130014,21.0,36.0,270.0,9080.0,59498.0,399867.0,21854.0,711.0,48.0,347.0,73778.0
43,91,58,20445,129495,15.0,25.0,258.0,8994.0,59687.0,406444.0,26074.0,3925.0,134.0,94.0,172247.0
45,104,71,20292,129701,16.0,32.0,253.0,8938.0,59267.0,406903.0,15344.0,4745.0,87.0,59.0,24359.0
46,74,66,20348,129835,15.0,33.0,274.0,9046.0,59234.0,409771.0,26327.0,4776.0,132.0,12.0,56470.0
38,100,82,20137,130059,18.0,38.0,260.0,9030.0,59158.0,408441.0,148982.0,306.0,11.0,471.0,190757.0
47,97,69,20867,130765,16.0,35.0,273.0,9032.0,59288.0,405226.0,9243.0,5795.0,29.0,595.0,404294.0
36,80,73,20255,129350,17.0,43.0,271.0,9050.0,59245.0,406689.0,1888.0,356.0,69.0,256.0,77263.0
49,90,58,20271,130107,15.0,38.0,291.0,8967.0,59325.0,400372.0,2585.0,116.0,38.0,462.0,57732.0
46,83,60,20451,129923,11.0,45.0,271.0,9017.0,59247.0,405174.0,12702.0,6683.0,76.0,1564.0,108951.0
43,106,78,20493,129847,18.0,43.0,276.0,8969.0,59275.0,401196.0,6747.0,3348.0,33.0,202.0,63485.0
41,91,69,20174,130315,13.0,43.0,290.0,8995.0,59341.0,403541.0,12146.0,221.0,104.0,256.0,5953.0
55,93,73,20450,129926,19.0,41.0,266.0,8939.0,59254.0,401304.0,501.0,1346.0,46.0,331.0,48373.0
41,87,63,20311,129907,19.0,50.0,290.0,8985.0,59396.0,397838.0,109578.0,21346.0,35.0,93.0,80339.0
47,82,52,20525,130188,13.0,49.0,263.0,9020.0,58962.0,401895.0,64255.0,8937.0,10.0,335.0,77153.0
57,76,62,20530,129957,16.0,38.0,280.0,9171.0,59266.0,402633.0,21441.0,356.0,138.0,326.0,151267.0
57,84,72,20629,129952,14.0,42.0,261.0,8998.0,59038.0,399937.0,9872.0,9755.0,9.0,780.0,24392.0
48,87,68,20307,130295,18.0,15.0,271.0,9130.0,59681.0,404638.0,11344.0,84.0,1.0,161.0,186958.0
44,92,65,20205,129529,13.0,37.0,274.0,9095.0,59394.0,405896.0,9322.0,7284.0,173.0,49.0,18940.0
47,79,55,20096,129683,16.0,46.0,272.0,9086.0,59555.0,406587.0,572.0,2710.0,282.0,491.0,22821.0
45,85,47,20262,129558,17.0,30.0,255.0,9134.0,59215.0,402360.0,61728.0,1967.0,338.0,388.0,18159.0
51,82,75,20377,129868,13.0,32.0,280.0,9109.0,59574.0,404666.0,5962.0,12.0,104.0,160.0,113491.0
43,93,72,20507,129951,18.0,36.0,253.0,9141.0,59155.0,404084.0,74269.0,272.0,238.0,38.0,83383.0
46,93,56,20452,130785,15.0,48.0,270.0,9031.0,59194.0,397966.0,67978.0,623.0,279.0,564.0,41900.0
55,84,61,20648,129773,20.0,35.0,278.0,8986.0,59532.0,403061.0,45850.0,2253.0,68.0,297.0,22850.0
42,91,61,20373,129635,18.0,40.0,274.0,8959.0,59232.0,398766.0,849.0,1957.0,120.0,13.0,5724.0
49,96,66,20439,129944,10.0,27.0,256.0,9043.0,59316.0,407165.0,5275.0,375.0,11.0,1457.0,113305.0
42,95,75,20315,130208,13.0,43.0,294.0,8938.0,59701.0,401538.0,14586.0,1117.0,145.0,656.0,170961.0
48,97,70,20510,129715,17.0,37.0,273.0,9040.0,59355.0,405289.0,69289.0,2042.0,120.0,612.0,49711.0
36,87,65,20245,130063,12.0,46.0,279.0,9002.0,59358.0,403546.0,19826.0,3905.0,479.0,761.0,117288.0
47,89,56,20360,129719,12.0,38.0,309.0,9120.0,59195.0,408998.0,10556.0,2172.0,104.0,1508.0,76230.0
46,85,64,20210,129805,14.0,39.0,275.0,9093.0,59247.0,405481.0,14374.0,186.0,277.0,49.0,435404.0
45,79,57,20462,130011,18.0,32.0,257.0,9068.0,59242.0,402558.0,11603.0,1121.0,16.0,40.0,27420.0
54,89,67,20404,129487,14.0,29.0,259.0,8911.0,59309.0,404279.0,24940.0,809.0,105.0,320.0,11467.0
59,75,58,20378,129960,13.0,41.0,296.0,9112.0,59608.0,407310.0,38801.0,5970.0,80.0,480.0,44802.0
39,91,70,20189,130188,11.0,49.0,279.0,9005.0,59661.0,404612.0,1931.0,8923.0,104.0,31.0,135979.0
40,63,64,20673,130200,18.0,38.0,286.0,9128.0,59573.0,404760.0,539.0,3611.0,471.0,105.0,31755.0
54,87,75,20404,130610,19.0,35.0,283.0,8975.0,59405.0,403393.0,9577.0,579.0,92.0,973.0,39895.0
43,81,63,20660,130329,16.0,27.0,274.0,9078.0,59181.0,403689.0,46582.0,3489.0,10.0,1322.0,36830.0
48,78,61,20473,129884,16.0,41.0,294.0,9070.0,59449.0,405238.0,132943.0,8628.0,257.0,183.0,64777.0
63,80,68,20268,130073,10.0,41.0,295.0,8986.0,59001.0,399262.0,28863.0,1444.0,213.0,583.0,135776.0
35,71,63,20430,130340,11.0,28.0,284.0,8990.0,58953.0,401153.0,54286.0,2352.0,146.0,191.0,57302.0
50,97,75,20618,130041,16.0,42.0,278.0,8877.0,59428.0,405648.0,96709.0,4694.0,88.0,1018.0,180354.0
53,88,49,20400,130176,19.0,42.0,275.0,8994.0,59411.0,405968.0,201073.0,163.0,7.0,202.0,64879.0
53,96,69,20323,130397,11.0,29.0,287.0,9073.0,59286.0,409640.0,4620.0,6147.0,54.0,126.0,56907.0
54,83,64,20311,130164,20.0,49.0,265.0,9005.0,59361.0,406273.0,28543.0,2864.0,5.0,797.0,102222.0
44,83,72,20279,129786,17.0,44.0,284.0,8943.0,59254.0,401360.0,41451.0,1510.0,536.0,103.0,133964.0
52,95,60,20270,129938,18.0,36.0,281.0,8846.0,59470.0,403298.0,28373.0,110.0,37.0,346.0,94823.0
45,89,69,20495,130502,14.0,40.0,284.0,9108.0,59829.0,409422.0,12783.0,5540.0,2.0,525.0,97828.0
33,73,74,20611,129673,17.0,35.0,274.0,9031.0,58990.0,407633.0,11502.0,785.0,51.0,731.0,475293.0
44,74,73,20582,130116,19.0,36.0,287.0,8929.0,59465.0,401781.0,1822.0,5.0,25.0,732.0,26017.0
41,82,76,20487,130070,20.0,40.0,274.0,9001.0,59250.0,404011.0,280.0,5305.0,138.0,202.0,121883.0
44,85,44,20138,130121,14.0,37.0,278.0,9093.0,59374.0,402921.0,21029.0,3867.0,4.0,37.0,71659.0
39,88,61,20307,130266,22.0,36.0,262.0,8885.0,59301.0,401050.0,5191.0,199.0,230.0,598.0,9433.0
48,96,64,20623,129531,10.0,41.0,290.0,8968.0,59030.0,403060.0,28406.0,3586.0,14.0,115.0,15054.0
50,83,73,20533,129722,16.0,45.0,256.0,9021.0,59012.0,397461.0,37630.0,5444.0,179.0,132.0,54471.0
46,86,47,20132,130185,17.0,33.0,287.0,9076.0,59212.0,404396.0,5430.0,547.0,251.0,418.0,94153.0
38,90,66,20341,129657,17.0,44.0,291.0,9137.0,59183.0,404667.0,49975.0,12441.0,46.0,565.0,130294.0
47,70,63,20434,129229,13.0,48.0,275.0,9064.0,58942.0,406038.0,14984.0,7917.0,205.0,24.0,264838.0
44,90,68,20465,129807,16.0,37.0,271.0,8937.0,59570.0,398857.0,362.0,1766.0,120.0,427.0,35356.0
40,83,78,20371,129416,13.0,30.0,262.0,9112.0,59316.0,402020.0,33177.0,2545.0,35.0,281.0,62636.0
36,74,65,20340,130092,15.0,53.0,285.0,9152.0,59459.0,402678.0,4721.0,5506.0,45.0,315.0,169895.0
46,81,65,20364,129722,17.0,47.0,267.0,9065.0,59415.0,399824.0,18429.0,1061.0,114.0,985.0,46808.0
38,73,58,20529,129363,9.0,47.0,285.0,8931.0,59381.0,406095.0,36766.0,1351.0,45.0,23.0,282050.0
47,80,63,20464,129636,17.0,46.0,290.0,8962.0,59363.0,404609.0,55797.0,5269.0,157.0,800.0,129391.0
54,78,66,20575,130536,14.0,31.0,290.0,9008.0,59464.0,400503.0,26791.0,6.0,42.0,2.0,54807.0
42,88,69,20242,129974,17.0,37.0,279.0,9076.0,59406.0,406062.0,197.0,358.0,18.0,178.0,18144.0
40,84,59,20136,130367,9.0,34.0,278.0,9014.0,59346.0,401624.0,8029.0,1051.0,64.0,43.0,17046.0
50,94,60,20355,130290,23.0,36.0,268.0,9153.0,59236.0,404374.0,36895.0,150.0,135.0,960.0,21686.0
53,78,65,20177,129195,17.0,42.0,286.0,9134.0,59457.0,400494.0,10307.0,6642.0,51.0,694.0,75176.0
40,83,63,20466,130276,12.0,30.0,278.0,8938.0,59132.0,404929.0,20642.0,14033.0,174.0,55.0,12298.0
38,84,61,20536,130234,19.0,42.0,262.0,9093.0,59276.0,403979.0,18319.0,2900.0,195.0,142.0,3528.0
47,85,68,20198,129895,9.0,35.0,267.0,9106.0,59095.0,404285.0,121556.0,2273.0,214.0,34.0,45591.0
47,78,79,20254,129623,14.0,43.0,303.0,8996.0,59427.0,403053.0,3573.0,7081.0,280.0,596.0,7564.0
39,83,62,20468,130077,15.0,43.0,251.0,9025.0,59077.0,402081.0,3124.0,4730.0,97.0,112.0,6620.0
31,99,52,20398,129780,17.0,34.0,280.0,8954.0,59551.0,402931.0,1705.0,3253.0,62.0,251.0,138673.0
50,90,74,20547,129895,19.0,45.0,282.0,9016.0,59583.0,399460.0,56512.0,674.0,5.0,319.0,4761.0
53,96,49,20483,129781,14.0,35.0,272.0,9164.0,59413.0,401685.0,21429.0,1533.0,91.0,168.0,21336.0
36,69,47,20257,129895,19.0,40.0,260.0,9038.0,59432.0,405669.0,4152.0,2074.0,132.0,56.0,117553.0
41,88,65,20337,130134,12.0,42.0,283.0,9198.0,59271.0,399266.0,12252.0,832.0,55.0,434.0,2419.0
41,85,52,20332,129725,15.0,47.0,265.0,9043.0,59606.0,400375.0,42098.0,4422.0,16.0,52.0,105417.0
47,94,53,20456,129789,14.0,33.0,295.0,9039.0,59298.0,403695.0,93530.0,5770.0,573.0,117.0,207568.0
48,94,76,20468,129855,15.0,35.0,261.0,9053.0,59214.0,403954.0,823.0,1127.0,89.0,74.0,45873.0
51,92,68,20432,129092,13.0,35.0,293.0,8999.0,59433.0,406561.0,53938.0,3388.0,214.0,233.0,37546.0
29,91,70,20429,130397,15.0,31.0,286.0,8938.0,59308.0,406910.0,44529.0,1946.0,100.0,572.0,8362.0
44,74,73,20270,130065,16.0,37.0,304.0,9035.0,59508.0,404771.0,63193.0,2076.0,43.0,162.0,56998.0
50,89,74,20514,129424,16.0,37.0,261.0,8895.0,58970.0,402917.0,3791.0,7405.0,220.0,92.0,33662.0
37,91,66,20515,129518,16.0,48.0,276.0,9003.0,59041.0,399245.0,68837.0,251.0,435.0,813.0,70001.0
48,83,65,20420,129901,14.0,43.0,297.0,9004.0,59463.0,400976.0,154106.0,8376.0,24.0,161.0,75988.0
42,72,50,20490,130026,13.0,46.0,279.0,8874.0,59301.0,402483.0,23959.0,5113.0,18.0,910.0,71131.0
57,87,76,20359,129209,21.0,44.0,261.0,9081.0,59505.0,403186.0,6653.0,2493.0,142.0,85.0,4865.0
58,79,66,20424,129221,14.0,26.0,281.0,8957.0,59350.0,403332.0,29476.0,5680.0,140.0,443.0,101853.0
51,86,64,20217,129819,20.0,36.0,291.0,9016.0,58992.0,405551.0,25706.0,1388.0,26.0,188.0,122708.0
49,87,63,20368,130141,15.0,33.0,288.0,8978.0,59442.0,402493.0,7822.0,10.0,351.0,365.0,30235.0
35,93,66,20552,130449,18.0,44.0,269.0,8956.0,59361.0,409070.0,53090.0,1570.0,239.0,518.0,132963.0
42,89,70,20421,129604,19.0,37.0,258.0,8809.0,59689.0,402810.0,41666.0,4442.0,13.0,355.0,46324.0
44,76,50,20490,129717,20.0,49.0,263.0,9029.0,59401.0,404430.0,7386.0,1144.0,71.0,1821.0,99551.0
41,94,63,20264,129963,15.0,39.0,280.0,9020.0,59294.0,407024.0,59361.0,62.0,135.0,484.0,16879.0
44,92,73,20265,130018,16.0,48.0,266.0,9103.0,59515.0,404367.0,28869.0,2056.0,159.0,216.0,113471.0
28,89,66,20161,129470,15.0,35.0,290.0,8899.0,59251.0,399456.0,14103.0,3479.0,77.0,508.0,281045.0
36,87,69,20460,130107,12.0,27.0,253.0,9110.0,59095.0,404107.0,17047.0,9527.0,412.0,1378.0,184843.0
56,91,59,20265,129819,14.0,34.0,273.0,9142.0,59366.0,400009.0,26259.0,5098.0,166.0,761.0,47118.0
41,100,58,20639,129453,16.0,39.0,263.0,9104.0,59584.0,403021.0,23534.0,1119.0,168.0,236.0,40218.0
43,85,68,20471,130151,16.0,38.0,289.0,9075.0,59232.0,402697.0,11145.0,15784.0,83.0,138.0,34717.0
35,89,57,20604,129807,15.0,37.0,281.0,9119.0,59130.0,404615.0,1227.0,2469.0,122.0,281.0,101835.0
41,114,56,20608,129849,15.0,38.0,259.0,9101.0,59327.0,406703.0,10209.0,6248.0,63.0,193.0,4673.0
40,95,64,20229,129527,15.0,38.0,277.0,9040.0,59534.0,406969.0,57998.0,5244.0,752.0,396.0,29135.0
43,74,71,20495,130215,17.0,44.0,271.0,9045.0,59707.0,410760.0,89175.0,4714.0,19.0,35.0,74982.0
49,99,72,20431,129953,19.0,40.0,270.0,9023.0,59343.0,399252.0,20399.0,133.0,305.0,357.0,38832.0
47,78,58,20132,130243,18.0,54.0,270.0,8987.0,59261.0,405326.0,62703.0,9082.0,6.0,2.0,51319.0
33,93,73,20347,129916,20.0,34.0,295.0,9095.0,59436.0,405552.0,40325.0,4754.0,404.0,111.0,85029.0
46,60,79,20445,130423,18.0,40.0,276.0,9034.0,59435.0,400913.0,42164.0,1570.0,38.0,546.0,40418.0
40,86,61,20473,130069,12.0,40.0,259.0,9042.0,59431.0,402610.0,81987.0,443.0,118.0,24.0,106286.0
43,89,80,20457,129659,15.0,40.0,269.0,8881.0,59660.0,408322.0,73972.0,7649.0,252.0,606.0,291042.0
53,88,82,20691,129169,17.0,40.0,296.0,8934.0,59886.0,403943.0,93063.0,2171.0,244.0,1742.0,44543.0
45,86,67,20380,128889,16.0,36.0,290.0,9062.0,59041.0,399052.0,13474.0,6511.0,180.0,82.0,105865.0
33,74,50,20697,129716,20.0,38.0,295.0,9174.0,59679.0,407505.0,37645.0,855.0,134.0,432.0,104513.0
42,87,63,20225,129726,19.0,38.0,288.0,8904.0,59154.0,404698.0,26521.0,3322.0,140.0,196.0,24019.0
51,87,62,20323,129910,17.0,34.0,286.0,9002.0,59368.0,405872.0,11473.0,939.0,140.0,970.0,7337.0
35,87,65,20366,130279,14.0,46.0,267.0,9029.0,59668.0,407108.0,25677.0,5520.0,642.0,394.0,23103.0
40,94,57,20441,129625,12.0,49.0,279.0,9048.0,59338.0,405574.0,135633.0,3847.0,6.0,490.0,16975.0
40,87,62,20496,130148,19.0,39.0,291.0,9225.0,59365.0,400470.0,34718.0,6618.0,110.0,479.0,100736.0
40,96,73,20313,129764,20.0,34.0,254.0,8906.0,59222.0,409094.0,52479.0,2204.0,269.0,590.0,80165.0
38,87,62,20412,129798,19.0,39.0,283.0,8950.0,59141.0,401663.0,42293.0,174.0,73.0,1457.0,20918.0
39,100,54,20033,129836,18.0,40.0,272.0,9010.0,59248.0,402300.0,4428.0,3130.0,67.0,306.0,328043.0
49,90,59,20396,129028,14.0,51.0,267.0,8860.0,59279.0,403263.0,3335.0,1346.0,142.0,349.0,16231.0
64,91,61,20277,129411,17.0,39.0,264.0,9023.0,58999.0,404356.0,95639.0,1963.0,33.0,257.0,17530.0
50,89,61,20508,130122,13.0,44.0,282.0,8947.0,59275.0,403555.0,120248.0,4653.0,153.0,90.0,345673.0
47,104,69,20235,130087,17.0,38.0,292.0,9136.0,59424.0,403535.0,53510.0,6376.0,194.0,173.0,155973.0
45,94,67,20441,129455,11.0,39.0,281.0,9112.0,59207.0,413518.0,41834.0,978.0,118.0,64.0,57020.0
40,94,65,20520,129796,16.0,41.0,263.0,8935.0,59116.0,404847.0,13550.0,6960.0,24.0,220.0,33158.0
40,111,64,20279,129923,11.0,41.0,255.0,8968.0,59187.0,402432.0,37331.0,3251.0,22.0,18.0,17775.0
45,78,51,20284,129291,14.0,31.0,282.0,9006.0,59338.0,402272.0,3864.0,2949.0,234.0,1070.0,75330.0
33,81,55,20716,129896,14.0,30.0,289.0,8945.0,59356.0,402958.0,15945.0,2700.0,520.0,163.0,95659.0
37,86,68,20669,129093,21.0,33.0,270.0,8761.0,59255.0,407356.0,7855.0,2775.0,34.0,283.0,63516.0
49,75,59,20428,129865,17.0,43.0,283.0,9082.0,59613.0,400812.0,19895.0,7066.0,183.0,965.0,224168.0
36,76,60,20387,130298,18.0,36.0,273.0,8979.0,58963.0,400832.0,24880.0,943.0,33.0,110.0,23904.0
44,93,58,20521,129498,15.0,32.0,284.0,9157.0,59069.0,405356.0,18418.0,1777.0,24.0,234.0,193450.0
48,80,72,20433,130162,14.0,33.0,294.0,9026.0,59359.0,400365.0,88161.0,13845.0,165.0,698.0,11144.0
48,89,52,20489,129789,14.0,37.0,276.0,9012.0,59472.0,406242.0,25728.0,763.0,42.0,56.0,85145.0
36,97,67,20398,129483,14.0,48.0,262.0,9005.0,59193.0,400740.0,18553.0,6834.0,61.0,40.0,72026.0
44,80,71,20444,129937,14.0,40.0,270.0,9055.0,59354.0,403966.0,34283.0,3217.0,139.0,151.0,52095.0
48,94,64,20416,129791,11.0,35.0,285.0,9034.0,59366.0,403387.0,32433.0,684.0,21.0,261.0,39713.0
45,76,61,20530,130143,18.0,31.0,277.0,8916.0,59097.0,404369.0,21711.0,366.0,22.0,78.0,63141.0
38,91,73,20694,130098,15.0,37.0,274.0,9116.0,59483.0,400177.0,17575.0,7595.0,412.0,615.0,59317.0
48,94,62,20477,129563,16.0,41.0,269.0,9092.0,59379.0,404253.0,17687.0,121.0,34.0,329.0,220292.0
37,92,72,20209,129820,12.0,45.0,274.0,9018.0,59634.0,409161.0,4615.0,562.0,143.0,77.0,7198.0
61,99,59,20388,129931,16.0,36.0,265.0,9043.0,59450.0,407137.0,39072.0,22229.0,134.0,486.0,18494.0
43,75,54,20520,129772,17.0,30.0,314.0,9076.0,59173.0,400646.0,37514.0,5415.0,77.0,75.0,42374.0
46,103,63,20546,129557,16.0,41.0,275.0,9041.0,59317.0,404984.0,14179.0,905.0,186.0,382.0,134998.0
42,81,67,20518,129831,19.0,29.0,265.0,9103.0,59105.0,402711.0,50875.0,2846.0,54.0,182.0,87106.0
50,83,87,20572,130185,19.0,44.0,272.0,9038.0,59333.0,406226.0,19511.0,531.0,52.0,528.0,163155.0
40,86,49,20434,129393,15.0,39.0,262.0,9032.0,59411.0,403652.0,49321.0,3862.0,1.0,448.0,117700.0
42,103,65,20330,130673,14.0,39.0,269.0,9065.0,59736.0,403360.0,6245.0,3421.0,218.0,214.0,196382.0
47,80,71,20340,129491,15.0,30.0,278.0,9078.0,59714.0,401949.0,42144.0,6821.0,108.0,106.0,65047.0
44,86,62,20309,129343,14.0,34.0,270.0,9135.0,59573.0,404091.0,16316.0,2368.0,56.0,170.0,220952.0
47,100,65,20325,130112,16.0,40.0,276.0,8960.0,59124.0,403149.0,3768.0,817.0,27.0,388.0,65690.0
47,97,53,20464,130021,16.0,40.0,264.0,9045.0,59245.0,404242.0,6857.0,596.0,26.0,291.0,111734.0
39,94,68,20462,129748,14.0,29.0,287.0,9062.0,59207.0,403738.0,53903.0,2560.0,101.0,379.0,9563.0
30,83,57,20515,129459,18.0,41.0,261.0,9060.0,59257.0,407238.0,121713.0,1945.0,573.0,1798.0,40552.0
34,88,69,20531,129850,15.0,43.0,265.0,9031.0,59141.0,403217.0,78115.0,1855.0,356.0,1364.0,16362.0
50,92,70,20425,130306,17.0,38.0,278.0,8931.0,59344.0,405103.0,52961.0,2662.0,207.0,215.0,48549.0
39,76,68,20201,129766,11.0,37.0,279.0,8936.0,59230.0,405157.0,8496.0,516.0,197.0,42.0,10345.0
44,89,66,20359,130589,16.0,41.0,273.0,9067.0,59210.0,405830.0,8003.0,2976.0,57.0,143.0,79845.0
43,81,69,20096,130129,14.0,47.0,280.0,8996.0,59386.0,405103.0,958.0,3815.0,289.0,29.0,155956.0
45,90,66,20360,129647,16.0,29.0,272.0,8913.0,59098.0,402502.0,50345.0,7163.0,92.0,258.0,86352.0
52,106,72,20437,129801,18.0,41.0,265.0,9061.0,59547.0,400542.0,7058.0,17314.0,609.0,414.0,32235.0
39,77,58,20560,130010,18.0,53.0,265.0,8934.0,59183.0,405581.0,59230.0,2609.0,85.0,830.0,2190.0
45,106,70,20638,130059,15.0,44.0,268.0,9018.0,59477.0,405611.0,5928.0,5572.0,8.0,322.0,93526.0
40,69,56,20340,129696,15.0,28.0,278.0,9060.0,59278.0,403878.0,52519.0,359.0,173.0,228.0,115991.0
46,85,85,20451,129806,20.0,48.0,260.0,9019.0,59509.0,401962.0,7379.0,5186.0,202.0,181.0,430117.0
46,94,76,20538,130057,18.0,47.0,280.0,8988.0,59220.0,404546.0,6933.0,642.0,311.0,693.0,58737.0
43,89,53,20324,129306,13.0,32.0,255.0,8797.0,59303.0,406095.0,38488.0,538.0,79.0,186.0,110750.0
32,108,70,20213,130263,13.0,33.0,278.0,8915.0,59368.0,399900.0,11965.0,1212.0,215.0,32.0,43634.0
58,85,71,20410,129709,12.0,37.0,281.0,9058.0,59187.0,405215.0,53230.0,63.0,54.0,710.0,68112.0
37,104,66,20230,129774,17.0,25.0,282.0,8962.0,59200.0,405010.0,711.0,2456.0,233.0,731.0,16291.0
37,89,59,20110,129349,19.0,34.0,268.0,8964.0,59300.0,402756.0,17769.0,2212.0,123.0,517.0,2299.0
42,86,86,20548,130026,15.0,34.0,287.0,8967.0,59204.0,402380.0,67912.0,8102.0,183.0,266.0,289019.0
44,91,82,20347,129977,13.0,45.0,284.0,9058.0,59453.0,403448.0,815.0,4527.0,151.0,389.0,248621.0
47,98,57,20358,129903,17.0,48.0,296.0,9034.0,59167.0,402568.0,26485.0,114.0,159.0,737.0,36620.0
55,88,82,20497,129998,18.0,41.0,277.0,8989.0,59409.0,399848.0,19333.0,1402.0,276.0,697.0,28044.0
40,85,64,20457,129314,11.0,41.0,282.0,8741.0,59570.0,405978.0,30589.0,2102.0,231.0,1079.0,36422.0
41,89,57,20926,130032,13.0,44.0,291.0,8928.0,59479.0,401950.0,2321.0,13705.0,81.0,480.0,70775.0
43,86,77,20310,129620,19.0,45.0,286.0,8919.0,59141.0,405785.0,40362.0,1067.0,305.0,27.0,60935.0
56,89,55,20493,130150,16.0,29.0,286.0,8900.0,59062.0,403857.0,23601.0,351.0,61.0,245.0,58054.0
55,101,61,20489,129992,17.0,43.0,281.0,8965.0,59222.0,410146.0,480.0,5435.0,75.0,20.0,202003.0
32,95,53,20251,130532,19.0,39.0,271.0,9071.0,58980.0,401605.0,7795.0,3682.0,5.0,26.0,12918.0
46,104,59,20366,130135,10.0,49.0,275.0,9016.0,59465.0,403643.0,35643.0,2024.0,46.0,751.0,36348.0
47,86,50,20479,129763,13.0,40.0,274.0,8956.0,59270.0,404975.0,55566.0,2129.0,84.0,292.0,57838.0
46,95,72,20166,130110,17.0,43.0,263.0,8779.0,59525.0,407137.0,35294.0,12480.0,210.0,294.0,131324.0
37,93,54,20238,130436,18.0,40.0,285.0,9093.0,59319.0,404598.0,45361.0,1590.0,6.0,642.0,114760.0
39,102,81,20353,130475,18.0,47.0,282.0,9070.0,59359.0,401441.0,446.0,4212.0,7.0,47.0,37843.0
53,95,72,20504,130239,19.0,44.0,287.0,9055.0,59496.0,404879.0,12641.0,1.0,12.0,1128.0,20057.0
39,94,56,20285,130410,16.0,30.0,257.0,9030.0,59015.0,405437.0,3227.0,1014.0,97.0,208.0,3799.0
39,89,68,20495,130420,18.0,37.0,265.0,9133.0,59214.0,401854.0,29809.0,2557.0,8.0,387.0,223884.0
42,106,65,20270,129425,18.0,42.0,288.0,8936.0,58982.0,400570.0,13784.0,865.0,26.0,346.0,2678.0
58,87,57,20422,129370,15.0,25.0,276.0,8994.0,59413.0,410347.0,46855.0,1411.0,38.0,547.0,192139.0
44,79,73,20457,129618,12.0,30.0,291.0,9039.0,59282.0,398591.0,353.0,128.0,186.0,915.0,6097.0
39,80,81,20335,130128,17.0,46.0,285.0,8973.0,59405.0,401188.0,10775.0,7297.0,4.0,600.0,18570.0
44,80,60,20183,129880,17.0,36.0,252.0,8891.0,59443.0,400634.0,30262.0,7731.0,23.0,28.0,51256.0
44,89,56,20413,130055,17.0,40.0,293.0,9114.0,59360.0,404986.0,32579.0,2148.0,74.0,379.0,397461.0
52,95,63,20461,129983,14.0,35.0,277.0,9047.0,59273.0,406783.0,11620.0,1503.0,11.0,647.0,3073.0
34,93,66,20349,130554,9.0,31.0,283.0,8888.0,59270.0,406551.0,38774.0,284.0,249.0,389.0,19985.0
39,74,67,20401,129271,16.0,30.0,281.0,8879.0,59143.0,405994.0,43844.0,3299.0,253.0,10.0,83099.0
50,82,73,20562,129938,13.0,30.0,273.0,8946.0,59441.0,397868.0,1865.0,1568.0,102.0,122.0,62455.0
43,83,62,20212,129924,25.0,39.0,309.0,9051.0,59230.0,400038.0,58513.0,1027.0,82.0,131.0,223860.0
45,79,81,20357,130097,12.0,38.0,278.0,8977.0,59255.0,404441.0,2809.0,8263.0,213.0,17.0,60457.0
63,97,60,20387,129656,16.0,41.0,301.0,8957.0,59135.0,404703.0,56752.0,244.0,101.0,66.0,22831.0
36,83,57,20372,129748,14.0,32.0,288.0,8987.0,59489.0,403592.0,15740.0,1656.0,10.0,556.0,48375.0
45,84,75,20374,129988,11.0,27.0,287.0,8977.0,59345.0,400083.0,15930.0,710.0,12.0,78.0,8273.0
40,74,67,20317,129638,16.0,48.0,276.0,9170.0,59152.0,406733.0,73059.0,3965.0,150.0,146.0,71042.0
42,131,66,20409,129627,13.0,28.0,270.0,8992.0,59449.0,403789.0,31754.0,243.0,23.0,40.0,12595.0
49,92,71,20492,129970,17.0,46.0,280.0,9093.0,59005.0,410401.0,1558.0,1113.0,75.0,695.0,8617.0
55,104,58,20496,129566,13.0,30.0,252.0,9004.0,59257.0,404357.0,38368.0,1164.0,117.0,255.0,32473.0
35,85,62,20302,129834,22.0,41.0,266.0,9065.0,59306.0,403114.0,31358.0,8033.0,29.0,1192.0,58477.0
52,82,74,20416,129905,18.0,36.0,268.0,9076.0,59278.0,405782.0,7701.0,3109.0,502.0,392.0,49398.0
53,85,78,20473,129513,15.0,33.0,279.0,9026.0,59172.0,405408.0,133404.0,260.0,25.0,580.0,153001.0
53,92,52,20395,129562,20.0,45.0,284.0,8923.0,59159.0,404647.0,9317.0,747.0,175.0,738.0,217157.0
31,83,65,20549,130356,12.0,40.0,268.0,8803.0,59358.0,402306.0,11328.0,1076.0,157.0,149.0,4098.0
48,82,68,20387,129849,17.0,43.0,270.0,8954.0,59628.0,406601.0,14369.0,270.0,248.0,981.0,41583.0
43,75,56,20219,129679,16.0,43.0,253.0,9065.0,59736.0,405780.0,36568.0,1766.0,75.0,374.0,89535.0
50,104,58,20334,129680,8.0,46.0,278.0,8912.0,59774.0,404799.0,3605.0,9348.0,103.0,92.0,111091.0
41,85,77,20337,129819,14.0,32.0,274.0,9049.0,59377.0,406571.0,3788.0,1612.0,239.0,59.0,107454.0
52,83,74,20460,130658,16.0,34.0,268.0,8906.0,59413.0,403345.0,20954.0,8758.0,388.0,67.0,135376.0
56,87,67,20707,129709,12.0,27.0,285.0,8943.0,59616.0,403940.0,6195.0,3356.0,217.0,34.0,276480.0
47,85,70,20538,130439,13.0,32.0,268.0,9157.0,59054.0,407952.0,19014.0,719.0,134.0,184.0,273369.0
40,99,81,20281,130422,12.0,45.0,281.0,8954.0,59158.0,402535.0,22332.0,58.0,165.0,28.0,417499.0
41,98,50,20518,129905,14.0,40.0,294.0,9074.0,59338.0,406176.0,21299.0,3047.0,9.0,143.0,38119.0
34,91,58,20350,129827,15.0,39.0,271.0,9073.0,59229.0,407599.0,17359.0,3587.0,221.0,119.0,31853.0
41,80,61,20300,129549,17.0,35.0,268.0,8919.0,59151.0,400717.0,97.0,1886.0,178.0,45.0,58100.0
40,99,45,20560,130172,20.0,45.0,279.0,8960.0,59203.0,398856.0,5436.0,6708.0,75.0,90.0,15.0
31,83,51,20603,129747,15.0,40.0,278.0,8899.0,59151.0,405921.0,31472.0,325.0,252.0,228.0,23121.0
38,103,47,20306,129568,15.0,48.0,270.0,8849.0,59022.0,404927.0,39397.0,419.0,11.0,142.0,50454.0
44,89,62,20344,130759,19.0,30.0,253.0,9099.0,59584.0,402217.0,1901.0,8378.0,7.0,1183.0,95993.0
39,81,62,20424,129709,15.0,44.0,280.0,9003.0,59440.0,400194.0,11565.0,50.0,23.0,70.0,61678.0
40,91,68,20557,129657,11.0,33.0,283.0,9170.0,59177.0,400282.0,61284.0,8772.0,107.0,617.0,37343.0
42,107,64,20085,129972,19.0,21.0,277.0,8956.0,59410.0,406173.0,9982.0,393.0,84.0,268.0,50985.0
49,91,65,20424,129649,9.0,45.0,267.0,9012.0,59476.0,406060.0,122301.0,348.0,103.0,954.0,265122.0
56,86,71,20427,130014,15.0,38.0,261.0,9015.0,59467.0,397718.0,1647.0,3276.0,21.0,279.0,86448.0
56,89,62,20268,129919,17.0,35.0,282.0,9001.0,59276.0,403356.0,82075.0,2273.0,153.0,320.0,103815.0
44,84,87,20822,128749,18.0,37.0,265.0,8956.0,59251.0,402706.0,43903.0,95.0,53.0,236.0,10146.0
46,92,76,20385,129918,13.0,41.0,266.0,9095.0,59423.0,403950.0,11470.0,50.0,53.0,608.0,8834.0
41,87,57,20554,129152,20.0,34.0,262.0,8972.0,59454.0,399708.0,1054.0,2004.0,302.0,57.0,18331.0
50,103,68,20288,130107,14.0,45.0,298.0,9015.0,59361.0,398830.0,9617.0,166.0,120.0,699.0,215613.0
42,67,53,20587,129614,12.0,42.0,282.0,9049.0,58771.0,401918.0,12.0,719.0,94.0,232.0,114047.0
54,97,61,20283,129618,16.0,40.0,286.0,8978.0,59171.0,406257.0,71867.0,12377.0,208.0,387.0,48770.0
35,73,74,20712,130318,18.0,37.0,277.0,9089.0,59283.0,405642.0,34046.0,142.0,42.0,345.0,46625.0
47,96,50,20222,129987,14.0,34.0,284.0,8991.0,59204.0,402946.0,27633.0,1653.0,202.0,571.0,29192.0
49,88,82,20262,130293,11.0,28.0,255.0,9037.0,59133.0,406189.0,8544.0,5015.0,36.0,118.0,185478.0
53,78,59,20317,130158,16.0,31.0,298.0,9007.0,59110.0,404081.0,8659.0,458.0,147.0,985.0,80768.0
53,106,74,20541,129964,11.0,41.0,276.0,9097.0,59075.0,408448.0,37625.0,2133.0,285.0,694.0,28038.0
53,70,62,20108,129792,17.0,34.0,276.0,8927.0,59026.0,399502.0,2690.0,1067.0,61.0,317.0,104004.0
61,89,62,20242,129722,15.0,44.0,282.0,9107.0,59489.0,401932.0,16494.0,4834.0,133.0,10.0,6075.0
45,94,47,20088,130155,22.0,43.0,294.0,8944.0,59265.0,403102.0,8176.0,3685.0,152.0,28.0,104522.0
37,97,72,20242,129303,17.0,39.0,276.0,9074.0,59384.0,403732.0,31175.0,244.0,15.0,176.0,27470.0
48,77,47,20303,129845,14.0,32.0,285.0,8964.0,59337.0,403207.0,11404.0,715.0,6.0,666.0,4576.0
58,96,76,20226,129811,15.0,52.0,284.0,9120.0,59184.0,400151.0,866.0,2473.0,147.0,846.0,71743.0
48,84,63,20416,129822,15.0,41.0,265.0,8949.0,59239.0,399814.0,64549.0,1923.0,52.0,226.0,27372.0
46,80,62,20191,130240,19.0,29.0,270.0,9023.0,59437.0,407329.0,6526.0,5191.0,5.0,863.0,112075.0
38,98,77,20308,129517,12.0,39.0,282.0,8805.0,59657.0,404149.0,46675.0,1324.0,174.0,360.0,18613.0
36,85,72,20436,130373,16.0,52.0,273.0,8999.0,59345.0,406993.0,17482.0,11304.0,240.0,280.0,32706.0
49,92,54,20389,129574,17.0,43.0,285.0,9124.0,59564.0,405566.0,78743.0,7563.0,69.0,26.0,31986.0
44,96,53,20187,130369,17.0,39.0,260.0,8954.0,59095.0,406066.0,24628.0,4033.0,11.0,127.0,14039.0
48,102,66,20232,130619,8.0,40.0,273.0,9129.0,59581.0,405593.0,32685.0,2178.0,107.0,576.0,172924.0
39,81,73,20455,129500,19.0,35.0,288.0,8912.0,58964.0,402854.0,2571.0,5166.0,31.0,356.0,10174.0
53,86,56,20485,129122,14.0,28.0,272.0,8895.0,59585.0,403717.0,93916.0,92.0,130.0,52.0,64819.0
42,85,61,20326,129877,17.0,24.0,277.0,8962.0,59094.0,403481.0,6820.0,551.0,378.0,614.0,65684.0
48,98,64,20483,130134,17.0,42.0,288.0,9045.0,59676.0,401906.0,48923.0,4591.0,19.0,413.0,78749.0
45,89,60,20560,130653,11.0,35.0,264.0,8894.0,59468.0,401328.0,108190.0,9987.0,591.0,56.0,205340.0
